<?xml version='1.0' encoding="utf-8"?>
<toc version="2.0" xml:space="preserve">
    <tocitem target="index.html">Speedgoat - I/O Configuration Packages
        <tocitem target="refentry_getting_started.html">Getting Started</tocitem>
        <tocitem target="refentry_ch_configurations.html">I/O Configurations
            <tocitem target="refentry_ch_configurations.html#refsect2_io306">IO306
                <tocitem target="refentry_io306_comms.html">IO306 Communication</tocitem>
                <tocitem target="refentry_io306_hil.html">IO306 HIL</tocitem>
                <tocitem target="refentry_io306_rcp.html">IO306 RCP</tocitem>
            </tocitem>
            <tocitem target="refentry_ch_configurations.html#refsect2_io307">IO307
                <tocitem target="refentry_io307_comms.html">IO307 Communication</tocitem>
                <tocitem target="refentry_io307_hil.html">IO307 HIL</tocitem>
                <tocitem target="refentry_io307_rcp.html">IO307 RCP</tocitem>
            </tocitem>
            <tocitem target="refentry_ch_configurations.html#refsect2_io324">IO324
                <tocitem target="refentry_io324_rs422_comms.html">IO324 RS422 Communication</tocitem>
                <tocitem target="refentry_io324_rs422_hil.html">IO324 RS422 HIL</tocitem>
                <tocitem target="refentry_io324_rs422_rcp.html">IO324 RS422 RCP</tocitem>
                <tocitem target="refentry_io324_ttl_comms.html">IO324 TTL Communication</tocitem>
                <tocitem target="refentry_io324_ttl_hil.html">IO324 TTL HIL</tocitem>
                <tocitem target="refentry_io324_ttl_rcp.html">IO324 TTL RCP</tocitem>
                <tocitem target="refentry_io324_ttl_resolver.html">IO324 TTL Resolver</tocitem>
            </tocitem>
            <tocitem target="refentry_ch_configurations.html#refsect2_io397">IO397
                <tocitem target="refentry_io397_comms.html">IO397 Communication</tocitem>
                <tocitem target="refentry_io397_hil.html">IO397 HIL</tocitem>
                <tocitem target="refentry_io397_rcp.html">IO397 RCP</tocitem>
                <tocitem target="refentry_io397_tpi6020.html">IO397 TPI6020</tocitem>
            </tocitem>
        </tocitem>
        <tocitem target="refentry_release_notes.html">Release Notes</tocitem>
    </tocitem>
</toc>
